Model,NumStates,NumActions,NumTargets,NumSinks,NumUnknown,NumMaxActions,NumMaxTransitions,SmallestTransProb,NumProbActions,AvgNumActionsPerState,AvgNumTransPerState,AvgNumTransPerAction,NumMaxStates,NumMinStates,NumBackwardsTransitions,NumMECs,BiggestMEC,SmallestMEC,AvgMEC,MedianMEC,NumSCCs,BiggestSCC,SmallestSCC,AvgSCC,MaxSCCDepth,NearestTarget,FurthestTarget,TargetDistanceAverage,TargetDistanceMedian
dice50, 96295, 142489, 39750, 55701, 844, 2, 6, 0.16666666666666666, 595, 1.4797134, 1.5106081, 1.0208788, 48295, 48000, 0.0020211185, 0, , , , , 96295, 1, 1, 1.0, 153, 2147483637, 0, NaN, 0.0
dice50_bigMecConf, 106301, 162500, 39750, 55702, 10849, 2, 6, 0.1, 10595, 1.5286779, 1.650737, 1.0798461, 58295, 48006, 0.08719761, 5, 2001, 2001, 2001.0, 2001.0, 96301, 2001, 1, 1.103841081608706, 158, 2147483637, 0, NaN, 0.0
dice50_hmConf, 96311, 142505, 39750, 55702, 859, 2, 6, 0.01, 610, 1.4796337, 1.5108347, 1.0210869, 48302, 48009, 0.0021304379, 0, , , , , 96311, 1, 1, 1.0, 168, 2147483637, 0, NaN, 0.0
dice50_manyMecConf, 96996, 143890, 39750, 55702, 1544, 2, 6, 0.1, 1195, 1.4834633, 1.5203204, 1.0248454, 48895, 48101, 0.008788526, 100, 7, 7, 7.0, 7.0, 96396, 7, 1, 1.0062243246607743, 253, 2147483637, 0, NaN, 0.0
simple, 3, 3, 1, 1, 1, 1, 2, 0.5, 1, 1.0, 1.3333334, 1.3333334, 2, 1, 0.0, 0, , , , , 3, 1, 1, 1.0, 2, 1, 1, 1.0, 1.0
simple_bigMecConf, 10009, 20014, 1, 2, 10006, 2, 2, 0.1, 10001, 1.9996004, 2.998801, 1.4997002, 10002, 7, 0.49998334, 5, 2001, 2001, 2001.0, 2001.0, 9, 2001, 1, 1112.111111111111, 7, 5006, 5006, 5006.0, 5006.0
simple_hmConf, 19, 19, 1, 2, 16, 1, 3, 0.01, 16, 1.0, 2.631579, 2.631579, 9, 10, 0.32, 0, , , , , 19, 1, 1, 1.0, 17, 16, 16, 16.0, 16.0
simple_manyMecConf, 704, 1404, 1, 2, 701, 2, 2, 0.1, 601, 1.9943181, 2.8480113, 1.4280627, 602, 102, 0.4997506, 100, 7, 7, 7.0, 7.0, 104, 7, 1, 6.769230769230769, 102, 401, 401, 401.0, 401.0
